[
{
    "model": "auth.permission",
    "pk": 1,
    "fields": {
        "name": "Can add log entry",
        "content_type": 1,
        "codename": "add_logentry"
    }
},
{
    "model": "auth.permission",
    "pk": 2,
    "fields": {
        "name": "Can change log entry",
        "content_type": 1,
        "codename": "change_logentry"
    }
},
{
    "model": "auth.permission",
    "pk": 3,
    "fields": {
        "name": "Can delete log entry",
        "content_type": 1,
        "codename": "delete_logentry"
    }
},
{
    "model": "auth.permission",
    "pk": 4,
    "fields": {
        "name": "Can view log entry",
        "content_type": 1,
        "codename": "view_logentry"
    }
},
{
    "model": "auth.permission",
    "pk": 5,
    "fields": {
        "name": "Can add permission",
        "content_type": 2,
        "codename": "add_permission"
    }
},
{
    "model": "auth.permission",
    "pk": 6,
    "fields": {
        "name": "Can change permission",
        "content_type": 2,
        "codename": "change_permission"
    }
},
{
    "model": "auth.permission",
    "pk": 7,
    "fields": {
        "name": "Can delete permission",
        "content_type": 2,
        "codename": "delete_permission"
    }
},
{
    "model": "auth.permission",
    "pk": 8,
    "fields": {
        "name": "Can view permission",
        "content_type": 2,
        "codename": "view_permission"
    }
},
{
    "model": "auth.permission",
    "pk": 9,
    "fields": {
        "name": "Can add group",
        "content_type": 3,
        "codename": "add_group"
    }
},
{
    "model": "auth.permission",
    "pk": 10,
    "fields": {
        "name": "Can change group",
        "content_type": 3,
        "codename": "change_group"
    }
},
{
    "model": "auth.permission",
    "pk": 11,
    "fields": {
        "name": "Can delete group",
        "content_type": 3,
        "codename": "delete_group"
    }
},
{
    "model": "auth.permission",
    "pk": 12,
    "fields": {
        "name": "Can view group",
        "content_type": 3,
        "codename": "view_group"
    }
},
{
    "model": "auth.permission",
    "pk": 13,
    "fields": {
        "name": "Can add user",
        "content_type": 4,
        "codename": "add_user"
    }
},
{
    "model": "auth.permission",
    "pk": 14,
    "fields": {
        "name": "Can change user",
        "content_type": 4,
        "codename": "change_user"
    }
},
{
    "model": "auth.permission",
    "pk": 15,
    "fields": {
        "name": "Can delete user",
        "content_type": 4,
        "codename": "delete_user"
    }
},
{
    "model": "auth.permission",
    "pk": 16,
    "fields": {
        "name": "Can view user",
        "content_type": 4,
        "codename": "view_user"
    }
},
{
    "model": "auth.permission",
    "pk": 17,
    "fields": {
        "name": "Can add content type",
        "content_type": 5,
        "codename": "add_contenttype"
    }
},
{
    "model": "auth.permission",
    "pk": 18,
    "fields": {
        "name": "Can change content type",
        "content_type": 5,
        "codename": "change_contenttype"
    }
},
{
    "model": "auth.permission",
    "pk": 19,
    "fields": {
        "name": "Can delete content type",
        "content_type": 5,
        "codename": "delete_contenttype"
    }
},
{
    "model": "auth.permission",
    "pk": 20,
    "fields": {
        "name": "Can view content type",
        "content_type": 5,
        "codename": "view_contenttype"
    }
},
{
    "model": "auth.permission",
    "pk": 21,
    "fields": {
        "name": "Can add session",
        "content_type": 6,
        "codename": "add_session"
    }
},
{
    "model": "auth.permission",
    "pk": 22,
    "fields": {
        "name": "Can change session",
        "content_type": 6,
        "codename": "change_session"
    }
},
{
    "model": "auth.permission",
    "pk": 23,
    "fields": {
        "name": "Can delete session",
        "content_type": 6,
        "codename": "delete_session"
    }
},
{
    "model": "auth.permission",
    "pk": 24,
    "fields": {
        "name": "Can view session",
        "content_type": 6,
        "codename": "view_session"
    }
},
{
    "model": "auth.permission",
    "pk": 25,
    "fields": {
        "name": "Can add choice",
        "content_type": 7,
        "codename": "add_choice"
    }
},
{
    "model": "auth.permission",
    "pk": 26,
    "fields": {
        "name": "Can change choice",
        "content_type": 7,
        "codename": "change_choice"
    }
},
{
    "model": "auth.permission",
    "pk": 27,
    "fields": {
        "name": "Can delete choice",
        "content_type": 7,
        "codename": "delete_choice"
    }
},
{
    "model": "auth.permission",
    "pk": 28,
    "fields": {
        "name": "Can view choice",
        "content_type": 7,
        "codename": "view_choice"
    }
},
{
    "model": "auth.permission",
    "pk": 29,
    "fields": {
        "name": "Can add poll",
        "content_type": 8,
        "codename": "add_poll"
    }
},
{
    "model": "auth.permission",
    "pk": 30,
    "fields": {
        "name": "Can change poll",
        "content_type": 8,
        "codename": "change_poll"
    }
},
{
    "model": "auth.permission",
    "pk": 31,
    "fields": {
        "name": "Can delete poll",
        "content_type": 8,
        "codename": "delete_poll"
    }
},
{
    "model": "auth.permission",
    "pk": 32,
    "fields": {
        "name": "Can view poll",
        "content_type": 8,
        "codename": "view_poll"
    }
},
{
    "model": "auth.permission",
    "pk": 33,
    "fields": {
        "name": "Can add vote",
        "content_type": 9,
        "codename": "add_vote"
    }
},
{
    "model": "auth.permission",
    "pk": 34,
    "fields": {
        "name": "Can change vote",
        "content_type": 9,
        "codename": "change_vote"
    }
},
{
    "model": "auth.permission",
    "pk": 35,
    "fields": {
        "name": "Can delete vote",
        "content_type": 9,
        "codename": "delete_vote"
    }
},
{
    "model": "auth.permission",
    "pk": 36,
    "fields": {
        "name": "Can view vote",
        "content_type": 9,
        "codename": "view_vote"
    }
},
{
    "model": "auth.user",
    "pk": 1,
    "fields": {
        "password": "pbkdf2_sha256$216000$iIIohHdHcZ7z$gIl0OTfMsvQPF9E0ADxwhzEEdTXHOuYbiXuDR671Cps=",
        "last_login": null,
        "is_superuser": false,
        "username": "DeborahChung",
        "first_name": "Deborah",
        "last_name": "Chung",
        "email": "Deborah.Chung@fakermail.com",
        "is_staff": false,
        "is_active": true,
        "date_joined": "2021-04-06T21:58:34.768Z",
        "groups": [],
        "user_permissions": []
    }
},
{
    "model": "auth.user",
    "pk": 2,
    "fields": {
        "password": "pbkdf2_sha256$216000$TTnBTBpxPHRX$CqYyFC2vepJ4Fcs3H5GDjbe7oBVdD2TXtE0GUg+dYn4=",
        "last_login": null,
        "is_superuser": false,
        "username": "KimWright",
        "first_name": "Kim",
        "last_name": "Wright",
        "email": "Kim.Wright@fakermail.com",
        "is_staff": false,
        "is_active": true,
        "date_joined": "2021-04-06T21:58:34.858Z",
        "groups": [],
        "user_permissions": []
    }
},
{
    "model": "auth.user",
    "pk": 3,
    "fields": {
        "password": "pbkdf2_sha256$216000$MqnYlKpj265y$Psklp3L1wL4Cx93kNtDfCAMz6BPux8C42YQ35mL1n/c=",
        "last_login": null,
        "is_superuser": false,
        "username": "MeganHarrison",
        "first_name": "Megan",
        "last_name": "Harrison",
        "email": "Megan.Harrison@fakermail.com",
        "is_staff": false,
        "is_active": true,
        "date_joined": "2021-04-06T21:58:34.927Z",
        "groups": [],
        "user_permissions": []
    }
},
{
    "model": "auth.user",
    "pk": 4,
    "fields": {
        "password": "pbkdf2_sha256$216000$gyHWRVCHaQ8x$niGN1gB+5G5Gl9wlG+457Xyq/dmWddtiRs5G9v+8dBU=",
        "last_login": null,
        "is_superuser": false,
        "username": "CindyMontgomery",
        "first_name": "Cindy",
        "last_name": "Montgomery",
        "email": "Cindy.Montgomery@fakermail.com",
        "is_staff": false,
        "is_active": true,
        "date_joined": "2021-04-06T21:58:34.996Z",
        "groups": [],
        "user_permissions": []
    }
},
{
    "model": "auth.user",
    "pk": 5,
    "fields": {
        "password": "pbkdf2_sha256$216000$x2L9DIUpU220$YAr1ER5ZLIOEFODGLGTlFsrRaFHgfAPHOKHsP+W34WI=",
        "last_login": null,
        "is_superuser": false,
        "username": "JosephBaker",
        "first_name": "Joseph",
        "last_name": "Baker",
        "email": "Joseph.Baker@fakermail.com",
        "is_staff": false,
        "is_active": true,
        "date_joined": "2021-04-06T21:58:35.064Z",
        "groups": [],
        "user_permissions": []
    }
},
{
    "model": "auth.user",
    "pk": 6,
    "fields": {
        "password": "pbkdf2_sha256$216000$BDqNhXSGsyJc$v7Od/zJ5/4vQZgOyUT0ZgPEARP4zDhK/1R0N14xvFDI=",
        "last_login": null,
        "is_superuser": false,
        "username": "TheresaJones",
        "first_name": "Theresa",
        "last_name": "Jones",
        "email": "Theresa.Jones@fakermail.com",
        "is_staff": false,
        "is_active": true,
        "date_joined": "2021-04-06T21:58:35.133Z",
        "groups": [],
        "user_permissions": []
    }
},
{
    "model": "auth.user",
    "pk": 7,
    "fields": {
        "password": "pbkdf2_sha256$216000$hTXBYhK5Jn07$6Fs5iJNowoT/uWDkB5Hgzoi98eVBJz4DgSM2niy4Ef8=",
        "last_login": null,
        "is_superuser": false,
        "username": "MatthewAdams",
        "first_name": "Matthew",
        "last_name": "Adams",
        "email": "Matthew.Adams@fakermail.com",
        "is_staff": false,
        "is_active": true,
        "date_joined": "2021-04-06T21:58:35.202Z",
        "groups": [],
        "user_permissions": []
    }
},
{
    "model": "auth.user",
    "pk": 8,
    "fields": {
        "password": "pbkdf2_sha256$216000$1vaiIhSuJbL9$WgK0NIDcswOeJFLizGfQXYLL69hEIw05SEbyHQvMWNQ=",
        "last_login": null,
        "is_superuser": false,
        "username": "AustinMitchell",
        "first_name": "Austin",
        "last_name": "Mitchell",
        "email": "Austin.Mitchell@fakermail.com",
        "is_staff": false,
        "is_active": true,
        "date_joined": "2021-04-06T21:58:35.272Z",
        "groups": [],
        "user_permissions": []
    }
},
{
    "model": "auth.user",
    "pk": 9,
    "fields": {
        "password": "pbkdf2_sha256$216000$sWd3kI9oXCZO$IWsvtbuuV8Xx7V3ciL1khwt6JewnFfvxXXWUcXBrJwU=",
        "last_login": null,
        "is_superuser": false,
        "username": "BrianReese",
        "first_name": "Brian",
        "last_name": "Reese",
        "email": "Brian.Reese@fakermail.com",
        "is_staff": false,
        "is_active": true,
        "date_joined": "2021-04-06T21:58:35.341Z",
        "groups": [],
        "user_permissions": []
    }
},
{
    "model": "auth.user",
    "pk": 10,
    "fields": {
        "password": "pbkdf2_sha256$216000$S9UFZ9t3D18I$x60tg5vM9bRD5n1dU4a2aW0MWluyZTQxLjnYiUeqySg=",
        "last_login": null,
        "is_superuser": false,
        "username": "VanessaLarson",
        "first_name": "Vanessa",
        "last_name": "Larson",
        "email": "Vanessa.Larson@fakermail.com",
        "is_staff": false,
        "is_active": true,
        "date_joined": "2021-04-06T21:58:35.410Z",
        "groups": [],
        "user_permissions": []
    }
},
{
    "model": "auth.user",
    "pk": 11,
    "fields": {
        "password": "pbkdf2_sha256$216000$f5G97MZaDUzN$odHmG+Q9+aqTjlQUcRJm1w7oNsAYLdKIIm/KEfQJibQ=",
        "last_login": "2021-04-06T22:00:19.624Z",
        "is_superuser": true,
        "username": "admin",
        "first_name": "",
        "last_name": "",
        "email": "a@b.com",
        "is_staff": true,
        "is_active": true,
        "date_joined": "2021-04-06T22:00:12.943Z",
        "groups": [],
        "user_permissions": []
    }
},
{
    "model": "contenttypes.contenttype",
    "pk": 1,
    "fields": {
        "app_label": "admin",
        "model": "logentry"
    }
},
{
    "model": "contenttypes.contenttype",
    "pk": 2,
    "fields": {
        "app_label": "auth",
        "model": "permission"
    }
},
{
    "model": "contenttypes.contenttype",
    "pk": 3,
    "fields": {
        "app_label": "auth",
        "model": "group"
    }
},
{
    "model": "contenttypes.contenttype",
    "pk": 4,
    "fields": {
        "app_label": "auth",
        "model": "user"
    }
},
{
    "model": "contenttypes.contenttype",
    "pk": 5,
    "fields": {
        "app_label": "contenttypes",
        "model": "contenttype"
    }
},
{
    "model": "contenttypes.contenttype",
    "pk": 6,
    "fields": {
        "app_label": "sessions",
        "model": "session"
    }
},
{
    "model": "contenttypes.contenttype",
    "pk": 7,
    "fields": {
        "app_label": "polls",
        "model": "choice"
    }
},
{
    "model": "contenttypes.contenttype",
    "pk": 8,
    "fields": {
        "app_label": "polls",
        "model": "poll"
    }
},
{
    "model": "contenttypes.contenttype",
    "pk": 9,
    "fields": {
        "app_label": "polls",
        "model": "vote"
    }
},
{
    "model": "sessions.session",
    "pk": "4tsqe5etg2f7z7uz1aaoki1a71cgk7gc",
    "fields": {
        "session_data": ".eJxVjDEOwjAMRe-SGUU2panDyM4ZothOSAGlUtNOiLtDpQ6w_vfef5kQ16WEtaU5jGrOBtEcfkeO8kh1I3qP9TZZmeoyj2w3xe602euk6XnZ3b-DElv51ixE7BKT6x33J-8dIbDLnSAhuQg4-Aj5mAERUxLtvIoIIQPokNW8P_xxODE:1lTtkB:mEeOL46hm7qiCYMJmo4cH9BRcYIrPR4hshev_5o4JnA",
        "expire_date": "2021-04-20T22:00:19.632Z"
    }
},
{
    "model": "polls.poll",
    "pk": 1,
    "fields": {
        "owner": 6,
        "text": "Five house coach account ever leave what relate. Whole PM really cup else tough according smile.",
        "pub_date": "2021-04-06T21:58:35.480Z",
        "active": true
    }
},
{
    "model": "polls.poll",
    "pk": 2,
    "fields": {
        "owner": 4,
        "text": "Hour develop or. Perform second believe eat contain. Cell language art question. Down resource enjoy suggest responsibility major will.",
        "pub_date": "2021-04-06T21:58:35.508Z",
        "active": true
    }
},
{
    "model": "polls.poll",
    "pk": 3,
    "fields": {
        "owner": 2,
        "text": "Do white able travel piece see can. Evening experience happy book force read chair. Soon grow enter particular analysis before apply.",
        "pub_date": "2021-04-06T21:58:35.513Z",
        "active": true
    }
},
{
    "model": "polls.poll",
    "pk": 4,
    "fields": {
        "owner": 8,
        "text": "Dream news protect laugh. Across institution there daughter participant score describe. Contain exactly similar hold identify me kitchen.",
        "pub_date": "2021-04-06T21:58:35.523Z",
        "active": true
    }
},
{
    "model": "polls.poll",
    "pk": 5,
    "fields": {
        "owner": 1,
        "text": "While individual within. Store interview however sea when write painting. Around leave soldier avoid what house.",
        "pub_date": "2021-04-06T21:58:35.527Z",
        "active": true
    }
},
{
    "model": "polls.poll",
    "pk": 6,
    "fields": {
        "owner": 8,
        "text": "Drive national friend. Series wall heart they capital. Activity ready job nice.",
        "pub_date": "2021-04-06T21:58:35.531Z",
        "active": true
    }
},
{
    "model": "polls.poll",
    "pk": 7,
    "fields": {
        "owner": 6,
        "text": "Follow food box six parent base each. Hit individual special doctor.",
        "pub_date": "2021-04-06T21:58:35.537Z",
        "active": true
    }
},
{
    "model": "polls.poll",
    "pk": 8,
    "fields": {
        "owner": 10,
        "text": "Start bag hot home laugh. Strong would product. Score even agency.",
        "pub_date": "2021-04-06T21:58:35.542Z",
        "active": true
    }
},
{
    "model": "polls.poll",
    "pk": 9,
    "fields": {
        "owner": 5,
        "text": "Hard organization party worry research Mrs moment. Service still another something. Once bring public matter man suggest sound.",
        "pub_date": "2021-04-06T21:58:35.547Z",
        "active": true
    }
},
{
    "model": "polls.poll",
    "pk": 10,
    "fields": {
        "owner": 5,
        "text": "Method door me agency then soldier. Need keep make smile.",
        "pub_date": "2021-04-06T21:58:35.553Z",
        "active": true
    }
},
{
    "model": "polls.choice",
    "pk": 1,
    "fields": {
        "poll": 1,
        "choice_text": "Song send tough quality."
    }
},
{
    "model": "polls.choice",
    "pk": 2,
    "fields": {
        "poll": 1,
        "choice_text": "Cover be space side nearly compare which."
    }
},
{
    "model": "polls.choice",
    "pk": 3,
    "fields": {
        "poll": 2,
        "choice_text": "Order kid course fast."
    }
},
{
    "model": "polls.choice",
    "pk": 4,
    "fields": {
        "poll": 2,
        "choice_text": "Take plan rather participant international want respond."
    }
},
{
    "model": "polls.choice",
    "pk": 5,
    "fields": {
        "poll": 3,
        "choice_text": "Example meet certain worry rather just."
    }
},
{
    "model": "polls.choice",
    "pk": 6,
    "fields": {
        "poll": 3,
        "choice_text": "Claim language best lay program one."
    }
},
{
    "model": "polls.choice",
    "pk": 7,
    "fields": {
        "poll": 3,
        "choice_text": "Language reach raise approach find."
    }
},
{
    "model": "polls.choice",
    "pk": 8,
    "fields": {
        "poll": 3,
        "choice_text": "Region black case."
    }
},
{
    "model": "polls.choice",
    "pk": 9,
    "fields": {
        "poll": 3,
        "choice_text": "A too exist former color."
    }
},
{
    "model": "polls.choice",
    "pk": 10,
    "fields": {
        "poll": 4,
        "choice_text": "Turn billion true although summer imagine."
    }
},
{
    "model": "polls.choice",
    "pk": 11,
    "fields": {
        "poll": 4,
        "choice_text": "Conference husband determine for president let trade."
    }
},
{
    "model": "polls.choice",
    "pk": 12,
    "fields": {
        "poll": 5,
        "choice_text": "By hold approach create TV citizen."
    }
},
{
    "model": "polls.choice",
    "pk": 13,
    "fields": {
        "poll": 5,
        "choice_text": "Contain student range week sea Republican."
    }
},
{
    "model": "polls.choice",
    "pk": 14,
    "fields": {
        "poll": 6,
        "choice_text": "Produce such take mission party my community."
    }
},
{
    "model": "polls.choice",
    "pk": 15,
    "fields": {
        "poll": 6,
        "choice_text": "Have floor however begin clear."
    }
},
{
    "model": "polls.choice",
    "pk": 16,
    "fields": {
        "poll": 6,
        "choice_text": "Item analysis detail car exist there expert."
    }
},
{
    "model": "polls.choice",
    "pk": 17,
    "fields": {
        "poll": 6,
        "choice_text": "Story maybe successful similar."
    }
},
{
    "model": "polls.choice",
    "pk": 18,
    "fields": {
        "poll": 7,
        "choice_text": "Music leg teach forward happen."
    }
},
{
    "model": "polls.choice",
    "pk": 19,
    "fields": {
        "poll": 7,
        "choice_text": "Ever thought toward."
    }
},
{
    "model": "polls.choice",
    "pk": 20,
    "fields": {
        "poll": 7,
        "choice_text": "State where wrong building."
    }
},
{
    "model": "polls.choice",
    "pk": 21,
    "fields": {
        "poll": 8,
        "choice_text": "First live send."
    }
},
{
    "model": "polls.choice",
    "pk": 22,
    "fields": {
        "poll": 8,
        "choice_text": "Gas only computer third education."
    }
},
{
    "model": "polls.choice",
    "pk": 23,
    "fields": {
        "poll": 8,
        "choice_text": "Everyone those feeling low direction teacher magazine."
    }
},
{
    "model": "polls.choice",
    "pk": 24,
    "fields": {
        "poll": 9,
        "choice_text": "Political understand leader than stand heavy."
    }
},
{
    "model": "polls.choice",
    "pk": 25,
    "fields": {
        "poll": 9,
        "choice_text": "Exactly everything generation between to light."
    }
},
{
    "model": "polls.choice",
    "pk": 26,
    "fields": {
        "poll": 9,
        "choice_text": "From quite often significant."
    }
},
{
    "model": "polls.choice",
    "pk": 27,
    "fields": {
        "poll": 10,
        "choice_text": "Avoid alone organization."
    }
},
{
    "model": "polls.choice",
    "pk": 28,
    "fields": {
        "poll": 10,
        "choice_text": "Debate expect American direction modern look."
    }
},
{
    "model": "polls.choice",
    "pk": 29,
    "fields": {
        "poll": 10,
        "choice_text": "Marriage knowledge south task bit between."
    }
},
{
    "model": "polls.choice",
    "pk": 30,
    "fields": {
        "poll": 10,
        "choice_text": "Difference offer product boy citizen to adult."
    }
},
{
    "model": "polls.choice",
    "pk": 31,
    "fields": {
        "poll": 10,
        "choice_text": "Much candidate same behind."
    }
},
{
    "model": "polls.vote",
    "pk": 1,
    "fields": {
        "user": 1,
        "poll": 1,
        "choice": 2
    }
},
{
    "model": "polls.vote",
    "pk": 2,
    "fields": {
        "user": 2,
        "poll": 1,
        "choice": 1
    }
},
{
    "model": "polls.vote",
    "pk": 3,
    "fields": {
        "user": 3,
        "poll": 1,
        "choice": 2
    }
},
{
    "model": "polls.vote",
    "pk": 4,
    "fields": {
        "user": 4,
        "poll": 1,
        "choice": 1
    }
},
{
    "model": "polls.vote",
    "pk": 5,
    "fields": {
        "user": 5,
        "poll": 1,
        "choice": 2
    }
},
{
    "model": "polls.vote",
    "pk": 6,
    "fields": {
        "user": 6,
        "poll": 1,
        "choice": 1
    }
},
{
    "model": "polls.vote",
    "pk": 7,
    "fields": {
        "user": 7,
        "poll": 1,
        "choice": 2
    }
},
{
    "model": "polls.vote",
    "pk": 8,
    "fields": {
        "user": 8,
        "poll": 1,
        "choice": 1
    }
},
{
    "model": "polls.vote",
    "pk": 9,
    "fields": {
        "user": 9,
        "poll": 1,
        "choice": 1
    }
},
{
    "model": "polls.vote",
    "pk": 10,
    "fields": {
        "user": 10,
        "poll": 1,
        "choice": 2
    }
},
{
    "model": "polls.vote",
    "pk": 11,
    "fields": {
        "user": 1,
        "poll": 2,
        "choice": 4
    }
},
{
    "model": "polls.vote",
    "pk": 12,
    "fields": {
        "user": 2,
        "poll": 2,
        "choice": 3
    }
},
{
    "model": "polls.vote",
    "pk": 13,
    "fields": {
        "user": 3,
        "poll": 2,
        "choice": 3
    }
},
{
    "model": "polls.vote",
    "pk": 14,
    "fields": {
        "user": 4,
        "poll": 2,
        "choice": 4
    }
},
{
    "model": "polls.vote",
    "pk": 15,
    "fields": {
        "user": 5,
        "poll": 2,
        "choice": 4
    }
},
{
    "model": "polls.vote",
    "pk": 16,
    "fields": {
        "user": 6,
        "poll": 2,
        "choice": 3
    }
},
{
    "model": "polls.vote",
    "pk": 17,
    "fields": {
        "user": 7,
        "poll": 2,
        "choice": 3
    }
},
{
    "model": "polls.vote",
    "pk": 18,
    "fields": {
        "user": 8,
        "poll": 2,
        "choice": 3
    }
},
{
    "model": "polls.vote",
    "pk": 19,
    "fields": {
        "user": 9,
        "poll": 2,
        "choice": 4
    }
},
{
    "model": "polls.vote",
    "pk": 20,
    "fields": {
        "user": 10,
        "poll": 2,
        "choice": 4
    }
},
{
    "model": "polls.vote",
    "pk": 21,
    "fields": {
        "user": 1,
        "poll": 3,
        "choice": 9
    }
},
{
    "model": "polls.vote",
    "pk": 22,
    "fields": {
        "user": 2,
        "poll": 3,
        "choice": 8
    }
},
{
    "model": "polls.vote",
    "pk": 23,
    "fields": {
        "user": 3,
        "poll": 3,
        "choice": 9
    }
},
{
    "model": "polls.vote",
    "pk": 24,
    "fields": {
        "user": 4,
        "poll": 3,
        "choice": 9
    }
},
{
    "model": "polls.vote",
    "pk": 25,
    "fields": {
        "user": 5,
        "poll": 3,
        "choice": 5
    }
},
{
    "model": "polls.vote",
    "pk": 26,
    "fields": {
        "user": 6,
        "poll": 3,
        "choice": 6
    }
},
{
    "model": "polls.vote",
    "pk": 27,
    "fields": {
        "user": 7,
        "poll": 3,
        "choice": 5
    }
},
{
    "model": "polls.vote",
    "pk": 28,
    "fields": {
        "user": 8,
        "poll": 3,
        "choice": 5
    }
},
{
    "model": "polls.vote",
    "pk": 29,
    "fields": {
        "user": 9,
        "poll": 3,
        "choice": 9
    }
},
{
    "model": "polls.vote",
    "pk": 30,
    "fields": {
        "user": 10,
        "poll": 3,
        "choice": 6
    }
},
{
    "model": "polls.vote",
    "pk": 31,
    "fields": {
        "user": 1,
        "poll": 4,
        "choice": 11
    }
},
{
    "model": "polls.vote",
    "pk": 32,
    "fields": {
        "user": 2,
        "poll": 4,
        "choice": 10
    }
},
{
    "model": "polls.vote",
    "pk": 33,
    "fields": {
        "user": 3,
        "poll": 4,
        "choice": 10
    }
},
{
    "model": "polls.vote",
    "pk": 34,
    "fields": {
        "user": 4,
        "poll": 4,
        "choice": 11
    }
},
{
    "model": "polls.vote",
    "pk": 35,
    "fields": {
        "user": 5,
        "poll": 4,
        "choice": 10
    }
},
{
    "model": "polls.vote",
    "pk": 36,
    "fields": {
        "user": 6,
        "poll": 4,
        "choice": 10
    }
},
{
    "model": "polls.vote",
    "pk": 37,
    "fields": {
        "user": 7,
        "poll": 4,
        "choice": 10
    }
},
{
    "model": "polls.vote",
    "pk": 38,
    "fields": {
        "user": 8,
        "poll": 4,
        "choice": 11
    }
},
{
    "model": "polls.vote",
    "pk": 39,
    "fields": {
        "user": 9,
        "poll": 4,
        "choice": 10
    }
},
{
    "model": "polls.vote",
    "pk": 40,
    "fields": {
        "user": 10,
        "poll": 4,
        "choice": 10
    }
},
{
    "model": "polls.vote",
    "pk": 41,
    "fields": {
        "user": 1,
        "poll": 5,
        "choice": 13
    }
},
{
    "model": "polls.vote",
    "pk": 42,
    "fields": {
        "user": 2,
        "poll": 5,
        "choice": 12
    }
},
{
    "model": "polls.vote",
    "pk": 43,
    "fields": {
        "user": 3,
        "poll": 5,
        "choice": 13
    }
},
{
    "model": "polls.vote",
    "pk": 44,
    "fields": {
        "user": 4,
        "poll": 5,
        "choice": 12
    }
},
{
    "model": "polls.vote",
    "pk": 45,
    "fields": {
        "user": 5,
        "poll": 5,
        "choice": 12
    }
},
{
    "model": "polls.vote",
    "pk": 46,
    "fields": {
        "user": 6,
        "poll": 5,
        "choice": 12
    }
},
{
    "model": "polls.vote",
    "pk": 47,
    "fields": {
        "user": 7,
        "poll": 5,
        "choice": 13
    }
},
{
    "model": "polls.vote",
    "pk": 48,
    "fields": {
        "user": 8,
        "poll": 5,
        "choice": 13
    }
},
{
    "model": "polls.vote",
    "pk": 49,
    "fields": {
        "user": 9,
        "poll": 5,
        "choice": 13
    }
},
{
    "model": "polls.vote",
    "pk": 50,
    "fields": {
        "user": 10,
        "poll": 5,
        "choice": 13
    }
},
{
    "model": "polls.vote",
    "pk": 51,
    "fields": {
        "user": 1,
        "poll": 6,
        "choice": 16
    }
},
{
    "model": "polls.vote",
    "pk": 52,
    "fields": {
        "user": 2,
        "poll": 6,
        "choice": 16
    }
},
{
    "model": "polls.vote",
    "pk": 53,
    "fields": {
        "user": 3,
        "poll": 6,
        "choice": 14
    }
},
{
    "model": "polls.vote",
    "pk": 54,
    "fields": {
        "user": 4,
        "poll": 6,
        "choice": 17
    }
},
{
    "model": "polls.vote",
    "pk": 55,
    "fields": {
        "user": 5,
        "poll": 6,
        "choice": 17
    }
},
{
    "model": "polls.vote",
    "pk": 56,
    "fields": {
        "user": 6,
        "poll": 6,
        "choice": 16
    }
},
{
    "model": "polls.vote",
    "pk": 57,
    "fields": {
        "user": 7,
        "poll": 6,
        "choice": 15
    }
},
{
    "model": "polls.vote",
    "pk": 58,
    "fields": {
        "user": 8,
        "poll": 6,
        "choice": 14
    }
},
{
    "model": "polls.vote",
    "pk": 59,
    "fields": {
        "user": 9,
        "poll": 6,
        "choice": 15
    }
},
{
    "model": "polls.vote",
    "pk": 60,
    "fields": {
        "user": 10,
        "poll": 6,
        "choice": 15
    }
},
{
    "model": "polls.vote",
    "pk": 61,
    "fields": {
        "user": 1,
        "poll": 7,
        "choice": 20
    }
},
{
    "model": "polls.vote",
    "pk": 62,
    "fields": {
        "user": 2,
        "poll": 7,
        "choice": 19
    }
},
{
    "model": "polls.vote",
    "pk": 63,
    "fields": {
        "user": 3,
        "poll": 7,
        "choice": 18
    }
},
{
    "model": "polls.vote",
    "pk": 64,
    "fields": {
        "user": 4,
        "poll": 7,
        "choice": 20
    }
},
{
    "model": "polls.vote",
    "pk": 65,
    "fields": {
        "user": 5,
        "poll": 7,
        "choice": 18
    }
},
{
    "model": "polls.vote",
    "pk": 66,
    "fields": {
        "user": 6,
        "poll": 7,
        "choice": 18
    }
},
{
    "model": "polls.vote",
    "pk": 67,
    "fields": {
        "user": 7,
        "poll": 7,
        "choice": 18
    }
},
{
    "model": "polls.vote",
    "pk": 68,
    "fields": {
        "user": 8,
        "poll": 7,
        "choice": 20
    }
},
{
    "model": "polls.vote",
    "pk": 69,
    "fields": {
        "user": 9,
        "poll": 7,
        "choice": 18
    }
},
{
    "model": "polls.vote",
    "pk": 70,
    "fields": {
        "user": 10,
        "poll": 7,
        "choice": 20
    }
},
{
    "model": "polls.vote",
    "pk": 71,
    "fields": {
        "user": 1,
        "poll": 8,
        "choice": 23
    }
},
{
    "model": "polls.vote",
    "pk": 72,
    "fields": {
        "user": 2,
        "poll": 8,
        "choice": 22
    }
},
{
    "model": "polls.vote",
    "pk": 73,
    "fields": {
        "user": 3,
        "poll": 8,
        "choice": 23
    }
},
{
    "model": "polls.vote",
    "pk": 74,
    "fields": {
        "user": 4,
        "poll": 8,
        "choice": 21
    }
},
{
    "model": "polls.vote",
    "pk": 75,
    "fields": {
        "user": 5,
        "poll": 8,
        "choice": 21
    }
},
{
    "model": "polls.vote",
    "pk": 76,
    "fields": {
        "user": 6,
        "poll": 8,
        "choice": 23
    }
},
{
    "model": "polls.vote",
    "pk": 77,
    "fields": {
        "user": 7,
        "poll": 8,
        "choice": 22
    }
},
{
    "model": "polls.vote",
    "pk": 78,
    "fields": {
        "user": 8,
        "poll": 8,
        "choice": 23
    }
},
{
    "model": "polls.vote",
    "pk": 79,
    "fields": {
        "user": 9,
        "poll": 8,
        "choice": 21
    }
},
{
    "model": "polls.vote",
    "pk": 80,
    "fields": {
        "user": 10,
        "poll": 8,
        "choice": 23
    }
},
{
    "model": "polls.vote",
    "pk": 81,
    "fields": {
        "user": 1,
        "poll": 9,
        "choice": 24
    }
},
{
    "model": "polls.vote",
    "pk": 82,
    "fields": {
        "user": 2,
        "poll": 9,
        "choice": 24
    }
},
{
    "model": "polls.vote",
    "pk": 83,
    "fields": {
        "user": 3,
        "poll": 9,
        "choice": 26
    }
},
{
    "model": "polls.vote",
    "pk": 84,
    "fields": {
        "user": 4,
        "poll": 9,
        "choice": 25
    }
},
{
    "model": "polls.vote",
    "pk": 85,
    "fields": {
        "user": 5,
        "poll": 9,
        "choice": 24
    }
},
{
    "model": "polls.vote",
    "pk": 86,
    "fields": {
        "user": 6,
        "poll": 9,
        "choice": 26
    }
},
{
    "model": "polls.vote",
    "pk": 87,
    "fields": {
        "user": 7,
        "poll": 9,
        "choice": 24
    }
},
{
    "model": "polls.vote",
    "pk": 88,
    "fields": {
        "user": 8,
        "poll": 9,
        "choice": 24
    }
},
{
    "model": "polls.vote",
    "pk": 89,
    "fields": {
        "user": 9,
        "poll": 9,
        "choice": 26
    }
},
{
    "model": "polls.vote",
    "pk": 90,
    "fields": {
        "user": 10,
        "poll": 9,
        "choice": 26
    }
},
{
    "model": "polls.vote",
    "pk": 91,
    "fields": {
        "user": 1,
        "poll": 10,
        "choice": 29
    }
},
{
    "model": "polls.vote",
    "pk": 92,
    "fields": {
        "user": 2,
        "poll": 10,
        "choice": 30
    }
},
{
    "model": "polls.vote",
    "pk": 93,
    "fields": {
        "user": 3,
        "poll": 10,
        "choice": 28
    }
},
{
    "model": "polls.vote",
    "pk": 94,
    "fields": {
        "user": 4,
        "poll": 10,
        "choice": 29
    }
},
{
    "model": "polls.vote",
    "pk": 95,
    "fields": {
        "user": 5,
        "poll": 10,
        "choice": 28
    }
},
{
    "model": "polls.vote",
    "pk": 96,
    "fields": {
        "user": 6,
        "poll": 10,
        "choice": 31
    }
},
{
    "model": "polls.vote",
    "pk": 97,
    "fields": {
        "user": 7,
        "poll": 10,
        "choice": 27
    }
},
{
    "model": "polls.vote",
    "pk": 98,
    "fields": {
        "user": 8,
        "poll": 10,
        "choice": 29
    }
},
{
    "model": "polls.vote",
    "pk": 99,
    "fields": {
        "user": 9,
        "poll": 10,
        "choice": 31
    }
},
{
    "model": "polls.vote",
    "pk": 100,
    "fields": {
        "user": 10,
        "poll": 10,
        "choice": 29
    }
},
{
    "model": "polls.vote",
    "pk": 101,
    "fields": {
        "user": 11,
        "poll": 1,
        "choice": 1
    }
},
{
    "model": "polls.vote",
    "pk": 102,
    "fields": {
        "user": 11,
        "poll": 3,
        "choice": 7
    }
}
]
